n,warnsdorff_calls,warnsdorff_backtracks,warnsdorff_time,warnsdorff_found,warnsdorff_valid,naive_calls,naive_backtracks,naive_time,naive_found,naive_valid,naive_hit_limit
5,25,0,0.00023230002261698246,True,True,8840,8815,0.03140520001761615,True,True,False
6,36,0,0.0006718001095578074,True,True,248169,248133,0.6782693000277504,True,True,False
7,49,0,0.0009803000139072537,True,True,2000001,1999961,5.5044879000633955,False,False,True
8,64,0,0.0010637999512255192,True,True,2000001,1999946,3.7257954999804497,False,False,True
